sale_id,date,farm_id,grade,quantity_kg,price_per_kg,total_revenue,buyer_name,region,transport_cost,rejection_rate,avg_weight-g,color_score,weather_temp,harvest_batch
SALE_10479,2025-03-01,Farm_B,Premium,510.0,78.15,39856.5,SuperVeg,South,584.08,3.16,241.4,8.8,26.4,H202503-49
SALE_10333,2025-03-01,Farm_E,Premium,388.0,81.74,31715.12,SuperVeg,North,618.46,11.17,329.6,9.2,29.8,H202503-37
SALE_10017,2025-03-01,Farm_D,Premium,1085.5,89.66,97325.93,Wholesale_Mart,North,279.05,13.2,322.2,9.5,33.6,H202503-24
SALE_10383,2025-03-01,Farm_A,Grade A,823.4,75.64,62281.98,Local_Market,East,155.93,11.57,114.6,8.5,31.9,H202503-45
SALE_10382,2025-03-01,Farm_D,Grade C,161.1,23.54,3792.29,Organic_Store,East,310.69,2.03,97.8,9.5,27.3,H202503-47
SALE_10341,2025-03-01,Farm_B,Grade A,1190.5,72.82,86692.21,Export_Co,East,615.23,8.42,133.6,7.1,22.8,H202503-12
SALE_10289,2025-03-02,Farm_E,Grade A,335.6,76.11,25542.52,FreshMart,East,332.25,11.86,332.8,6.7,34.5,H202503-22
SALE_10157,2025-03-02,Farm_D,Grade B,224.8,38.23,8594.1,SuperVeg,South,342.09,1.52,348.6,6.7,31.9,H202503-09
SALE_10083,2025-03-02,Farm_C,Grade B,89.4,53.61,4792.73,Local_Market,South,521.09,6.85,312.5,7.2,37.5,H202503-44
SALE_10186,2025-03-03,Farm_B,Premium,700.1,86.28,60404.63,Wholesale_Mart,North,426.86,6.62,110.8,7.0,22.5,H202503-42
SALE_10193,2025-03-03,Farm_C,Grade A,244.2,72.14,17616.59,Export_Co,North,99.03,6.86,277.8,9.3,24.3,H202503-30
SALE_10049,2025-03-03,Farm_E,Grade B,934.3,55.9,52227.37,FreshMart,West,220.99,8.38,114.9,9.7,30.1,H202503-01
SALE_10319,2025-03-03,Farm_D,Grade C,1146.6,37.63,43146.56,FreshMart,North,555.26,11.75,101.2,9.0,19.9,H202503-43
SALE_10114,2025-03-03,Farm_E,Grade C,388.3,38.24,14848.59,FreshMart,West,185.71,8.59,80.3,8.5,30.1,H202503-20
SALE_10344,2025-03-04,Farm_A,Grade A,269.2,65.69,17683.75,FreshMart,North,325.08,15.04,112.4,9.0,28.6,H202503-38
SALE_10229,2025-03-04,Farm_E,Grade B,280.5,39.19,10992.8,Export_Co,North,330.32,15.32,321.1,6.7,35.7,H202503-05
SALE_10085,2025-03-04,Farm_B,Grade A,1085.7,75.82,82317.77,Local_Market,West,548.87,9.77,300.1,8.2,19.3,H202503-37
SALE_10418,2025-03-04,Farm_B,Premium,878.2,82.74,72662.27,SuperVeg,East,262.25,1.5,117.2,6.5,36.1,H202503-42
SALE_10073,2025-03-05,Farm_E,Grade C,799.1,35.42,28304.12,FreshMart,North,321.75,13.39,332.3,9.6,27.0,H202503-46
SALE_10369,2025-03-05,Farm_D,Grade B,898.6,44.21,39727.11,FreshMart,East,234.27,1.92,348.0,7.0,37.8,H202503-19
SALE_10040,2025-03-05,Farm_E,Premium,318.2,88.63,28202.07,Local_Market,North,581.81,4.64,325.1,8.5,25.0,H202503-31
SALE_10071,2025-03-05,Farm_E,Grade B,520.3,52.44,27284.53,SuperVeg,West,421.11,10.4,273.4,8.5,34.5,H202503-10
SALE_10264,2025-03-05,Farm_E,Grade A,947.4,71.53,67767.52,FreshMart,East,196.54,4.97,159.8,8.5,18.7,H202503-46
SALE_10227,2025-03-05,Farm_A,Grade C,367.1,37.54,13780.93,Export_Co,South,164.81,8.6,344.9,8.1,35.3,H202503-36
SALE_10027,2025-03-05,Farm_D,Grade A,109.4,72.63,7945.72,SuperVeg,West,158.86,2.82,341.8,8.9,18.8,H202503-19
SALE_10470,2025-03-05,Farm_B,Grade A,123.5,68.35,8441.22,SuperVeg,South,373.72,2.29,283.0,9.6,32.9,H202503-18
SALE_10161,2025-03-05,Farm_A,Premium,63.9,81.82,5228.3,Local_Market,North,536.88,17.29,211.7,6.9,29.0,H202503-21
SALE_10497,2025-03-05,Farm_D,Grade A,57.8,77.28,4466.78,FreshMart,South,333.49,10.59,345.5,7.3,31.6,H202503-31
SALE_10293,2025-03-05,Farm_D,Grade A,457.6,72.11,32997.54,Wholesale_Mart,North,138.46,7.37,229.4,8.2,21.9,H202503-05
SALE_10413,2025-03-06,Farm_C,Premium,329.0,78.83,25935.07,SuperVeg,South,139.67,2.75,234.9,6.7,18.6,H202503-49
SALE_10311,2025-03-06,Farm_A,Grade C,281.2,30.28,8514.74,Local_Market,West,647.81,14.94,308.1,7.3,29.5,H202503-38
SALE_10432,2025-03-06,Farm_A,Grade B,1022.5,42.19,43139.27,SuperVeg,North,405.33,8.88,312.8,6.9,29.1,H202503-22
SALE_10487,2025-03-06,Farm_A,Premium,953.0,86.75,82672.75,Export_Co,West,112.62,16.79,93.6,8.4,35.8,H202503-05
SALE_10389,2025-03-07,Farm_B,Grade B,475.5,48.01,22828.75,Local_Market,West,261.25,10.65,173.3,9.3,27.3,H202503-33
SALE_10171,2025-03-07,Farm_D,Grade C,254.0,30.9,7848.6,SuperVeg,North,614.31,1.26,124.5,6.9,32.5,H202503-27
SALE_10082,2025-03-07,Farm_B,Grade B,896.3,53.96,48364.35,Local_Market,West,412.33,7.87,321.0,9.3,24.8,H202503-42
SALE_10459,2025-03-07,Farm_C,Premium,259.1,85.61,22181.55,FreshMart,North,482.76,9.87,251.5,7.2,22.2,H202503-21
SALE_10007,2025-03-07,Farm_A,Grade C,566.9,21.91,12420.78,Organic_Store,East,459.58,10.85,154.2,8.4,25.7,H202503-47
SALE_10185,2025-03-07,Farm_B,Grade C,813.4,39.27,31942.22,Local_Market,South,551.88,14.28,248.6,8.2,37.6,H202503-05
SALE_10255,2025-03-08,Farm_D,Premium,107.5,93.87,10091.02,SuperVeg,North,380.52,7.36,258.0,6.9,30.7,H202503-48
SALE_10302,2025-03-08,Farm_D,Grade B,673.0,56.36,37930.28,Export_Co,East,449.54,1.8,181.4,9.2,26.7,H202503-29
SALE_10081,2025-03-08,Farm_B,Grade B,329.6,51.45,16957.92,Organic_Store,West,628.71,17.03,118.1,7.9,24.5,H202503-18
SALE_10167,2025-03-08,Farm_A,Premium,489.2,81.11,39679.01,Wholesale_Mart,East,430.56,14.06,253.9,8.3,18.8,H202503-10
SALE_10034,2025-03-08,Farm_E,Grade A,833.9,68.81,57380.66,SuperVeg,North,362.74,12.63,174.1,9.7,18.8,H202503-25
SALE_10485,2025-03-08,Farm_A,Grade C,1155.6,32.72,37811.23,Organic_Store,North,125.15,1.32,85.3,7.1,26.3,H202503-40
SALE_10393,2025-03-08,Farm_E,Grade C,973.5,30.81,29993.53,SuperVeg,West,402.53,16.39,187.0,7.5,20.9,H202503-47
SALE_10288,2025-03-08,Farm_C,Grade A,476.8,80.42,38344.26,Organic_Store,West,386.85,5.2,179.5,9.5,31.3,H202503-21
SALE_10238,2025-03-08,Farm_B,Grade C,621.2,25.69,15958.63,FreshMart,East,438.85,1.45,282.1,7.6,18.0,H202503-29
SALE_10356,2025-03-08,Farm_D,Grade B,486.6,43.33,21084.38,SuperVeg,South,508.87,9.8,262.9,8.0,32.6,H202503-43
SALE_10137,2025-03-09,Farm_C,Premium,1042.8,87.38,91119.86,Organic_Store,East,94.62,6.47,182.7,7.9,29.6,H202503-44
SALE_10115,2025-03-09,Farm_A,Grade C,123.8,31.64,3917.03,Local_Market,South,534.61,5.93,202.9,6.5,19.4,H202503-18
SALE_10066,2025-03-09,Farm_B,Grade C,486.1,38.53,18729.43,Organic_Store,East,559.84,2.95,294.7,7.2,21.3,H202503-21
SALE_10417,2025-03-09,Farm_E,Premium,387.6,82.32,31907.23,SuperVeg,North,585.12,8.52,232.4,8.8,31.6,H202503-13
SALE_10251,2025-03-09,Farm_E,Grade C,1190.0,30.89,36759.1,Export_Co,South,288.44,4.44,132.9,7.0,30.4,H202503-10
SALE_10119,2025-03-09,Farm_A,Grade B,754.9,42.98,32445.6,Export_Co,East,619.99,11.44,291.5,8.6,27.7,H202503-11
SALE_10006,2025-03-09,Farm_A,Grade C,387.5,20.28,7858.5,SuperVeg,North,485.46,14.33,243.6,9.6,31.0,H202503-28
SALE_10053,2025-03-10,Farm_A,Grade A,934.3,63.32,59159.88,Local_Market,South,433.86,6.58,136.5,8.5,24.8,H202503-47
SALE_10087,2025-03-10,Farm_E,Premium,531.6,84.66,45005.26,FreshMart,South,106.77,3.41,279.3,6.8,30.1,H202503-26
SALE_10270,2025-03-10,Farm_A,Premium,741.8,82.93,61517.47,Wholesale_Mart,West,512.63,2.29,218.7,8.2,25.4,H202503-41
SALE_10282,2025-03-10,Farm_A,Premium,822.9,88.67,72966.54,SuperVeg,East,222.23,0.54,127.0,6.9,27.0,H202503-15
SALE_10047,2025-03-10,Farm_B,Grade B,102.0,37.53,3828.06,Wholesale_Mart,South,542.02,17.78,120.6,8.5,25.6,H202503-22
SALE_10454,2025-03-10,Farm_B,Grade C,911.3,27.14,24732.68,Export_Co,East,457.17,4.33,110.5,8.5,27.7,H202503-45
SALE_10176,2025-03-10,Farm_C,Grade A,500.3,70.25,35146.08,Local_Market,South,433.17,6.72,294.4,6.8,29.8,H202503-04
SALE_10290,2025-03-11,Farm_B,Premium,281.3,88.8,24979.44,Local_Market,West,359.92,16.72,108.5,9.1,26.2,H202503-01
SALE_10220,2025-03-11,Farm_A,Premium,828.7,89.12,73853.74,FreshMart,East,204.2,17.79,202.6,8.8,20.8,H202503-05
SALE_10463,2025-03-11,Farm_D,Premium,887.2,93.26,82740.27,Export_Co,North,299.77,9.37,311.1,9.0,34.1,H202503-44
SALE_10362,2025-03-11,Farm_E,Premium,1140.5,83.09,94764.15,Wholesale_Mart,East,239.54,5.36,89.7,9.7,22.3,H202503-16
SALE_10324,2025-03-11,Farm_E,Grade A,73.6,78.53,5779.81,Export_Co,North,281.61,5.79,343.4,7.1,36.0,H202503-18
SALE_10277,2025-03-12,Farm_A,Grade A,434.2,76.65,33281.43,Organic_Store,North,118.96,14.22,157.2,8.0,31.7,H202503-05
SALE_10388,2025-03-12,Farm_C,Grade B,1098.0,37.42,41087.16,Wholesale_Mart,North,516.92,12.79,169.5,8.8,25.9,H202503-49
SALE_10038,2025-03-12,Farm_A,Grade C,823.4,35.05,28860.17,Wholesale_Mart,West,131.99,9.15,95.5,8.4,26.8,H202503-23
SALE_10113,2025-03-12,Farm_B,Grade B,592.3,47.86,28347.48,Export_Co,South,196.11,2.1,121.5,8.0,28.6,H202503-07
SALE_10477,2025-03-12,Farm_D,Grade B,789.2,51.35,40525.42,Wholesale_Mart,West,295.01,14.53,197.3,9.5,21.6,H202503-35
SALE_10091,2025-03-12,Farm_C,Premium,155.3,95.35,14807.85,Local_Market,North,621.64,8.31,130.0,8.3,35.5,H202503-08
SALE_10153,2025-03-12,Farm_A,Grade A,670.7,74.56,50007.39,Organic_Store,East,383.51,13.12,118.1,7.2,34.4,H202503-15
SALE_10329,2025-03-13,Farm_E,Premium,990.5,87.2,86371.6,Local_Market,North,372.35,15.72,188.7,9.8,36.6,H202503-13
SALE_10230,2025-03-13,Farm_E,Grade B,894.1,52.25,46716.72,Organic_Store,North,97.41,15.76,222.4,8.7,30.9,H202503-12
SALE_10298,2025-03-13,Farm_A,Grade A,75.5,80.9,6107.95,Wholesale_Mart,North,146.81,6.4,118.6,8.9,22.1,H202503-05
SALE_10472,2025-03-13,Farm_E,Grade B,1084.1,49.47,53630.43,Local_Market,South,256.52,4.03,325.4,9.1,31.5,H202503-15
SALE_10419,2025-03-13,Farm_D,Grade C,528.7,27.13,14343.63,Export_Co,East,102.96,9.46,263.7,9.7,30.4,H202503-39
SALE_10225,2025-03-13,Farm_B,Grade B,288.4,52.65,15184.26,SuperVeg,East,251.28,6.2,294.0,8.1,32.6,H202503-08
SALE_10351,2025-03-14,Farm_E,Grade B,997.2,44.69,44564.87,Wholesale_Mart,West,252.87,16.82,112.0,9.7,31.7,H202503-25
SALE_10200,2025-03-14,Farm_D,Grade C,317.7,36.15,11484.85,Export_Co,North,592.34,11.89,316.0,6.5,21.4,H202503-34
SALE_10155,2025-03-14,Farm_A,Grade A,1083.0,78.59,85112.97,Export_Co,West,623.09,14.94,259.9,6.9,27.6,H202503-04
SALE_10126,2025-03-14,Farm_A,Grade C,731.9,23.27,17031.31,SuperVeg,North,632.57,5.02,257.3,7.6,33.5,H202503-36
SALE_10177,2025-03-14,Farm_C,Grade C,169.8,24.51,4161.8,Export_Co,East,110.1,9.02,241.8,8.5,18.5,H202503-19
SALE_10160,2025-03-14,Farm_E,Premium,934.7,77.22,72177.53,FreshMart,South,354.37,0.84,150.1,9.1,20.7,H202503-39
SALE_10297,2025-03-15,Farm_D,Grade C,758.7,31.14,23625.92,Wholesale_Mart,South,576.74,12.38,191.2,9.1,22.1,H202503-34
SALE_10345,2025-03-15,Farm_B,Grade A,207.7,76.68,15926.44,Wholesale_Mart,North,412.65,7.33,175.9,6.7,22.4,H202503-23
SALE_10138,2025-03-15,Farm_C,Grade C,681.8,34.94,23822.09,Export_Co,West,377.1,14.89,196.3,9.5,19.4,H202503-15
SALE_10353,2025-03-15,Farm_C,Grade B,1129.3,50.24,56736.03,Wholesale_Mart,West,282.16,10.14,188.9,9.3,34.3,H202503-17
SALE_10150,2025-03-16,Farm_E,Grade B,509.2,40.05,20393.46,Local_Market,East,608.39,9.95,307.3,8.3,30.5,H202503-18
SALE_10371,2025-03-16,Farm_E,Grade B,842.5,53.47,45048.47,Local_Market,East,423.82,9.66,148.5,8.1,27.8,H202503-32
SALE_10093,2025-03-16,Farm_A,Grade B,689.2,46.46,32020.23,Organic_Store,West,477.53,5.7,329.6,9.8,36.9,H202503-18
SALE_10355,2025-03-16,Farm_D,Premium,303.1,87.37,26481.85,FreshMart,West,134.57,6.06,341.5,7.4,24.3,H202503-02
SALE_10474,2025-03-16,Farm_E,Grade B,539.3,48.31,26053.58,Local_Market,South,99.63,8.3,300.5,9.5,19.7,H202503-12
SALE_10107,2025-03-17,Farm_B,Grade C,60.4,36.37,2196.75,Organic_Store,West,513.79,9.97,340.0,7.7,30.7,H202503-30
SALE_10326,2025-03-17,Farm_A,Grade B,1181.9,44.91,53079.13,FreshMart,North,318.61,8.52,275.8,8.5,31.3,H202503-40
SALE_10327,2025-03-17,Farm_B,Grade B,101.7,39.53,4020.2,Local_Market,North,516.14,16.96,84.3,8.3,27.4,H202503-09
SALE_10247,2025-03-17,Farm_D,Grade A,356.7,76.5,27287.55,Wholesale_Mart,East,103.74,7.46,285.8,8.0,23.3,H202503-17
SALE_10223,2025-03-17,Farm_E,Grade C,441.4,30.83,13608.36,Local_Market,North,395.62,9.98,285.7,9.3,26.8,H202503-42
SALE_10198,2025-03-17,Farm_E,Grade C,592.0,39.58,23431.36,SuperVeg,North,151.97,12.33,167.8,8.8,19.4,H202503-39
SALE_10465,2025-03-17,Farm_C,Grade A,122.6,68.49,8396.87,Local_Market,East,182.37,5.42,203.5,8.1,33.7,H202503-28
SALE_10024,2025-03-17,Farm_A,Premium,857.9,84.19,72226.6,Local_Market,South,541.34,14.68,314.1,9.6,28.2,H202503-36
SALE_10494,2025-03-18,Farm_C,Grade C,1042.9,22.79,23767.69,Local_Market,South,574.75,10.7,273.9,7.8,19.8,H202503-38
SALE_10363,2025-03-18,Farm_C,Premium,890.8,95.94,85463.35,Wholesale_Mart,East,258.81,4.84,268.4,7.7,29.3,H202503-02
SALE_10058,2025-03-18,Farm_B,Grade A,662.5,66.85,44288.12,Wholesale_Mart,West,295.05,0.85,167.0,7.2,24.5,H202503-44
SALE_10458,2025-03-18,Farm_D,Grade C,988.1,31.95,31569.79,SuperVeg,East,349.86,15.45,171.8,9.5,19.8,H202503-48
SALE_10450,2025-03-18,Farm_E,Grade C,143.1,37.53,5370.54,FreshMart,East,251.83,10.99,134.3,9.5,20.3,H202503-04
SALE_10439,2025-03-18,Farm_B,Premium,411.8,90.48,37259.66,Organic_Store,East,149.82,11.61,113.4,6.7,36.2,H202503-01
SALE_10377,2025-03-18,Farm_B,Grade C,1042.5,23.01,23987.93,Organic_Store,East,645.13,13.22,291.9,9.9,30.1,H202503-32
SALE_10212,2025-03-19,Farm_C,Premium,1118.8,80.3,89839.64,Export_Co,West,314.28,16.38,272.8,8.6,24.2,H202503-45
SALE_10207,2025-03-19,Farm_B,Grade C,559.9,32.14,17995.19,SuperVeg,South,417.27,12.8,144.1,8.2,20.1,H202503-22
SALE_10275,2025-03-19,Farm_D,Grade C,201.5,37.31,7517.97,Export_Co,West,256.58,5.58,315.3,8.8,33.9,H202503-07
SALE_10396,2025-03-19,Farm_E,Grade A,717.7,80.72,57932.74,Wholesale_Mart,South,354.33,14.67,336.6,6.6,37.7,H202503-21
SALE_10041,2025-03-19,Farm_E,Grade C,692.2,28.48,19713.86,FreshMart,West,143.38,9.12,83.1,8.1,19.1,H202503-28
SALE_10240,2025-03-19,Farm_A,Grade B,1046.5,48.44,50692.46,FreshMart,West,617.5,7.89,181.9,9.7,31.5,H202503-17
SALE_10384,2025-03-20,Farm_A,Grade B,1053.8,47.0,49528.6,Organic_Store,West,432.93,3.77,86.9,7.5,26.9,H202503-45
SALE_10323,2025-03-20,Farm_B,Grade A,1133.7,63.5,71989.95,Local_Market,East,634.65,13.79,341.3,8.0,23.6,H202503-40
SALE_10322,2025-03-20,Farm_D,Grade B,550.7,44.92,24737.44,Wholesale_Mart,East,588.38,5.86,229.0,9.2,26.3,H202503-34
SALE_10488,2025-03-21,Farm_B,Grade B,374.9,42.58,15963.24,Wholesale_Mart,North,414.95,14.86,185.9,8.0,32.6,H202503-45
SALE_10074,2025-03-21,Farm_B,Grade A,264.3,78.75,20813.62,Wholesale_Mart,West,257.52,4.48,244.1,7.8,32.9,H202503-10
SALE_10092,2025-03-21,Farm_A,Grade B,882.7,49.74,43905.5,Wholesale_Mart,South,358.97,4.37,346.7,9.7,18.8,H202503-10
SALE_10154,2025-03-21,Farm_C,Grade A,226.9,66.47,15082.04,Organic_Store,East,406.63,16.82,235.3,8.1,24.3,H202503-31
SALE_10309,2025-03-21,Farm_B,Grade A,301.5,73.91,22283.86,Organic_Store,South,457.32,14.76,290.1,9.1,21.8,H202503-20
SALE_10197,2025-03-21,Farm_D,Grade C,150.3,34.38,5167.31,SuperVeg,East,596.06,13.44,131.6,8.6,26.7,H202503-22
SALE_10412,2025-03-21,Farm_B,Grade C,751.6,29.76,22367.62,Export_Co,North,599.82,1.57,267.4,7.1,24.4,H202503-41
SALE_10170,2025-03-21,Farm_C,Grade A,988.3,79.23,78303.01,Wholesale_Mart,East,603.79,4.91,283.9,8.1,34.8,H202503-40
SALE_10035,2025-03-21,Farm_E,Premium,680.2,85.47,58136.69,SuperVeg,North,497.04,2.73,147.5,8.5,35.3,H202503-32
SALE_10055,2025-03-21,Farm_E,Grade A,370.4,65.54,24276.02,Local_Market,South,148.76,8.56,135.7,7.7,28.1,H202503-45
SALE_10168,2025-03-21,Farm_D,Grade C,595.5,22.28,13267.74,Local_Market,North,604.57,9.61,246.5,7.0,18.9,H202503-17
SALE_10136,2025-03-21,Farm_C,Grade C,680.8,31.93,21737.94,Wholesale_Mart,West,209.54,1.78,242.9,8.8,30.4,H202503-46
SALE_10368,2025-03-22,Farm_D,Grade C,408.7,22.44,9171.23,SuperVeg,West,449.42,15.81,293.4,7.0,28.9,H202503-18
SALE_10202,2025-03-22,Farm_A,Grade B,1168.7,53.52,62548.82,SuperVeg,North,558.49,17.68,247.8,8.4,30.6,H202503-19
SALE_10118,2025-03-22,Farm_B,Grade A,702.7,75.79,53257.63,FreshMart,West,194.09,3.43,108.2,8.7,32.1,H202503-06
SALE_10320,2025-03-22,Farm_D,Grade C,126.5,24.62,3114.43,Wholesale_Mart,East,431.3,4.81,266.5,8.5,28.0,H202503-47
SALE_10404,2025-03-23,Farm_C,Grade A,837.0,80.98,67780.26,FreshMart,South,297.82,10.21,100.7,6.5,31.4,H202503-27
SALE_10106,2025-03-23,Farm_B,Grade A,992.9,66.57,66097.35,FreshMart,East,397.02,13.74,149.8,7.2,19.7,H202503-27
SALE_10031,2025-03-23,Farm_B,Grade A,1141.5,79.73,91011.79,Export_Co,West,88.72,16.84,215.3,8.3,31.7,H202503-16
SALE_10233,2025-03-23,Farm_A,Grade A,139.3,70.15,9771.9,Organic_Store,West,117.63,6.6,110.0,9.2,37.0,H202503-34
SALE_10295,2025-03-23,Farm_E,Premium,901.7,94.26,84994.24,Local_Market,South,529.98,5.69,226.2,7.7,26.3,H202503-32
SALE_10054,2025-03-23,Farm_C,Grade A,852.3,65.6,55910.88,Export_Co,East,314.65,15.8,219.1,9.8,30.0,H202503-19
SALE_10411,2025-03-23,Farm_C,Premium,308.3,78.38,24164.55,SuperVeg,South,349.63,1.26,268.8,7.6,32.9,H202503-31
SALE_10068,2025-03-23,Farm_A,Premium,458.7,84.83,38911.52,FreshMart,South,117.97,4.51,226.6,8.0,24.7,H202503-08
SALE_10308,2025-03-23,Farm_B,Grade A,965.7,67.44,65126.81,Organic_Store,North,230.52,16.93,251.8,7.6,23.4,H202503-28
SALE_10143,2025-03-24,Farm_A,Grade A,344.0,68.04,23405.76,SuperVeg,East,321.53,12.18,105.8,8.6,27.0,H202503-05
SALE_10032,2025-03-24,Farm_B,Premium,1047.3,89.73,93974.23,Export_Co,East,465.99,10.53,114.7,9.3,34.4,H202503-12
SALE_10146,2025-03-24,Farm_D,Grade A,169.7,76.49,12980.35,FreshMart,East,236.27,1.89,103.1,9.5,21.8,H202503-08
SALE_10084,2025-03-24,Farm_A,Grade A,700.6,81.71,57246.03,Wholesale_Mart,South,92.81,5.2,226.2,8.7,23.2,H202503-22
SALE_10376,2025-03-24,Farm_C,Grade A,813.4,81.31,66137.55,Local_Market,West,587.52,10.6,232.3,8.2,19.4,H202503-14
SALE_10173,2025-03-25,Farm_E,Grade B,235.0,48.16,11317.6,Wholesale_Mart,East,494.08,17.86,106.8,7.9,34.0,H202503-43
SALE_10415,2025-03-25,Farm_C,Premium,707.9,80.62,57070.9,FreshMart,East,193.23,4.82,162.7,8.4,29.8,H202503-06
SALE_10156,2025-03-25,Farm_D,Premium,682.0,96.32,65690.24,Export_Co,North,613.78,15.83,155.0,9.4,18.0,H202503-43
SALE_10121,2025-03-25,Farm_E,Grade B,302.1,56.52,17074.69,Export_Co,North,183.81,14.32,257.9,8.2,29.1,H202503-18
SALE_10361,2025-03-25,Farm_B,Grade A,882.9,75.81,66932.65,Organic_Store,West,538.83,1.42,123.1,7.6,19.5,H202503-11
SALE_10059,2025-03-25,Farm_A,Premium,732.6,90.58,66358.91,SuperVeg,North,364.11,2.02,225.0,8.5,32.9,H202503-49
SALE_10023,2025-03-25,Farm_B,Grade B,1020.8,55.6,56756.48,Organic_Store,East,199.08,12.25,176.8,7.4,23.9,H202503-26
SALE_10139,2025-03-25,Farm_D,Grade B,487.1,40.94,19941.87,Local_Market,South,190.9,3.41,246.7,8.3,31.4,H202503-29
SALE_10217,2025-03-25,Farm_A,Grade A,1022.4,75.85,77549.04,FreshMart,East,463.59,5.32,162.7,9.2,26.9,H202503-34
SALE_10086,2025-03-25,Farm_B,Grade C,287.4,20.22,5811.23,Local_Market,West,593.01,15.79,241.3,8.5,31.3,H202503-07
SALE_10125,2025-03-26,Farm_D,Grade C,742.1,32.65,24229.56,Organic_Store,South,372.19,7.73,98.7,8.0,19.9,H202503-47
SALE_10239,2025-03-26,Farm_B,Grade C,732.5,37.91,27769.07,FreshMart,East,82.18,4.82,280.0,7.6,20.0,H202503-01
SALE_10299,2025-03-26,Farm_A,Grade B,285.0,47.16,13440.6,Local_Market,North,90.33,14.37,98.6,8.1,29.2,H202503-43
SALE_10456,2025-03-26,Farm_E,Grade C,543.1,21.08,11448.55,FreshMart,North,284.04,6.34,184.7,7.0,32.8,H202503-20
SALE_10056,2025-03-27,Farm_A,Grade A,969.3,74.56,72271.01,Organic_Store,West,604.9,1.57,154.8,9.2,33.0,H202503-15
SALE_10373,2025-03-27,Farm_A,Grade A,743.6,75.65,56253.34,Export_Co,South,324.57,5.33,287.5,7.3,31.8,H202503-40
SALE_10380,2025-03-27,Farm_D,Grade B,888.3,52.6,46724.58,SuperVeg,North,87.77,6.15,229.7,7.0,19.8,H202503-32
SALE_10226,2025-03-28,Farm_E,Premium,867.5,95.14,82533.95,SuperVeg,North,421.5,6.69,203.8,6.6,32.9,H202503-39
SALE_10021,2025-03-28,Farm_A,Premium,314.7,86.98,27372.61,Export_Co,West,518.08,1.26,348.5,8.1,23.6,H202503-06
SALE_10140,2025-03-28,Farm_C,Grade C,408.0,32.21,13141.68,FreshMart,South,235.4,7.74,112.9,7.1,31.6,H202503-10
SALE_10334,2025-03-28,Farm_A,Premium,227.7,86.75,19752.97,FreshMart,West,420.24,17.99,287.8,7.9,34.6,H202503-13
SALE_10088,2025-03-29,Farm_E,Grade B,382.0,44.11,16850.02,Wholesale_Mart,West,249.36,10.41,208.5,8.8,36.7,H202503-05
SALE_10366,2025-03-29,Farm_C,Grade B,503.8,47.6,23980.88,SuperVeg,North,406.04,14.6,285.2,7.0,21.0,H202503-06
SALE_10257,2025-03-29,Farm_C,Premium,1135.3,96.2,109215.86,Local_Market,East,637.07,13.75,123.7,8.1,32.4,H202503-47
SALE_10281,2025-03-29,Farm_D,Grade B,544.9,50.92,27746.31,SuperVeg,East,132.49,10.18,253.2,8.9,25.5,H202503-27
SALE_10132,2025-03-29,Farm_E,Grade B,253.7,50.85,12900.65,FreshMart,West,469.45,9.2,246.8,9.5,29.4,H202503-12
SALE_10236,2025-03-30,Farm_E,Premium,744.0,84.16,62615.04,Wholesale_Mart,North,150.06,16.05,215.8,8.0,29.7,H202503-08
SALE_10304,2025-03-30,Farm_C,Grade A,810.9,71.68,58125.31,Export_Co,West,538.56,14.02,228.1,6.7,33.3,H202503-37
SALE_10222,2025-03-30,Farm_B,Premium,1010.8,84.41,85321.63,Export_Co,North,350.18,8.27,348.6,8.4,19.8,H202503-47
SALE_10221,2025-03-30,Farm_C,Grade B,1158.6,44.68,51766.25,SuperVeg,South,97.64,7.29,123.2,6.6,33.1,H202503-15
SALE_10235,2025-03-31,Farm_D,Grade A,373.2,78.07,29135.72,Organic_Store,East,310.91,16.36,166.8,8.1,22.5,H202503-41
SALE_10370,2025-03-31,Farm_C,Premium,633.1,89.76,56827.06,Local_Market,East,433.05,7.7,195.4,7.6,29.3,H202503-16
SALE_10342,2025-03-31,Farm_E,Premium,1100.2,80.79,88885.16,Organic_Store,South,457.29,13.65,283.5,8.5,36.1,H202503-05
SALE_10253,2025-03-31,Farm_A,Grade A,121.5,64.95,7891.43,Local_Market,East,439.63,8.33,116.3,9.8,28.6,H202503-15
SALE_10314,2025-04-01,Farm_C,Grade A,697.9,74.49,51986.57,Local_Market,North,414.55,10.67,347.5,9.1,26.8,H202504-10
SALE_10110,2025-04-01,Farm_C,Grade B,835.8,45.92,38379.94,Organic_Store,South,648.36,7.96,201.9,7.1,33.9,H202504-29
SALE_10224,2025-04-01,Farm_E,Grade B,253.7,47.15,11961.95,Export_Co,North,630.86,10.26,173.8,8.5,20.8,H202504-35
SALE_10330,2025-04-01,Farm_C,Grade A,201.4,79.09,15928.73,Local_Market,South,566.93,9.09,189.8,9.6,30.1,H202504-38
SALE_10300,2025-04-01,Farm_B,Grade C,1063.8,34.63,36839.39,Wholesale_Mart,East,509.0,8.64,316.0,7.2,20.5,H202504-41
SALE_10447,2025-04-01,Farm_C,Grade C,284.7,29.38,8364.49,FreshMart,South,182.69,2.42,318.6,7.7,31.7,H202504-22
SALE_10405,2025-04-01,Farm_A,Grade C,800.9,31.59,25300.43,Export_Co,South,643.47,1.22,341.3,8.4,37.3,H202504-39
SALE_10218,2025-04-01,Farm_C,Grade B,1036.2,55.33,57332.95,SuperVeg,East,87.02,6.98,87.4,7.8,28.5,H202504-34
SALE_10050,2025-04-01,Farm_B,Grade C,359.0,20.44,7337.96,FreshMart,South,351.44,15.05,163.1,9.3,37.4,H202504-30
SALE_10378,2025-04-02,Farm_E,Grade C,756.7,31.62,23926.85,Local_Market,West,126.55,16.68,168.0,6.9,26.8,H202504-14
SALE_10336,2025-04-02,Farm_A,Grade C,1117.6,39.93,44625.77,Export_Co,West,509.63,4.27,170.7,8.1,33.5,H202504-08
SALE_10134,2025-04-02,Farm_A,Premium,1051.4,92.65,97412.21,Local_Market,West,500.92,15.87,189.1,7.6,31.4,H202504-06
SALE_10214,2025-04-02,Farm_D,Grade A,156.1,73.93,11540.47,Export_Co,North,120.47,1.9,175.8,9.7,31.4,H202504-41
SALE_10164,2025-04-03,Farm_C,Grade A,782.2,74.28,58101.82,Export_Co,West,375.49,3.13,279.1,8.2,31.6,H202504-13
SALE_10498,2025-04-03,Farm_B,Grade A,1184.5,67.57,80036.66,FreshMart,East,471.7,14.76,192.7,7.6,36.8,H202504-22
SALE_10352,2025-04-03,Farm_B,Grade B,596.9,45.15,26950.03,Organic_Store,West,454.15,17.5,231.8,8.9,19.4,H202504-44
SALE_10349,2025-04-03,Farm_D,Premium,845.8,86.16,72874.13,Local_Market,West,407.43,2.91,266.0,9.6,32.9,H202504-22
SALE_10484,2025-04-03,Farm_B,Premium,58.2,86.13,5012.77,Wholesale_Mart,North,109.91,8.38,148.8,7.7,32.1,H202504-21
SALE_10101,2025-04-04,Farm_B,Grade A,850.4,65.08,55344.03,SuperVeg,South,435.07,13.59,89.4,9.5,35.2,H202504-11
SALE_10261,2025-04-04,Farm_C,Premium,561.0,82.51,46288.11,Wholesale_Mart,South,645.69,7.26,234.9,7.9,34.9,H202504-01
SALE_10313,2025-04-04,Farm_D,Grade B,464.5,52.67,24465.22,SuperVeg,South,258.28,11.95,142.6,6.5,33.3,H202504-49
SALE_10395,2025-04-05,Farm_B,Grade A,368.6,80.82,29790.25,Wholesale_Mart,West,578.83,17.49,127.8,9.0,18.8,H202504-22
SALE_10340,2025-04-05,Farm_B,Premium,61.8,91.32,5643.58,Wholesale_Mart,East,434.93,17.83,164.2,7.7,19.6,H202504-28
SALE_10284,2025-04-05,Farm_C,Premium,303.6,91.51,27782.44,Organic_Store,South,501.46,4.26,259.5,8.2,32.9,H202504-35
SALE_10390,2025-04-05,Farm_C,Grade A,624.2,64.13,40029.95,Organic_Store,South,616.4,15.77,202.1,9.9,18.0,H202504-47
SALE_10067,2025-04-06,Farm_E,Grade B,815.0,47.46,38679.9,Export_Co,North,580.0,7.37,300.5,8.0,25.5,H202504-38
SALE_10036,2025-04-06,Farm_D,Premium,831.8,91.8,76359.24,SuperVeg,North,295.31,9.85,214.1,7.8,24.0,H202504-19
SALE_10483,2025-04-06,Farm_E,Grade B,400.6,40.85,16364.51,Organic_Store,East,249.78,14.15,207.3,7.3,21.3,H202504-04
SALE_10022,2025-04-06,Farm_E,Premium,685.7,88.45,60650.17,Export_Co,North,122.95,5.85,131.5,7.4,27.7,H202504-18
SALE_10398,2025-04-06,Farm_B,Premium,1010.7,80.94,81806.06,SuperVeg,East,193.66,5.13,216.0,6.7,22.4,H202504-06
SALE_10108,2025-04-06,Farm_E,Grade A,1127.8,75.76,85442.13,FreshMart,East,251.55,12.89,98.2,8.5,24.9,H202504-26
SALE_10350,2025-04-07,Farm_C,Premium,963.0,80.17,77203.71,Wholesale_Mart,North,397.67,3.23,305.3,7.7,36.3,H202504-35
SALE_10486,2025-04-07,Farm_C,Grade B,383.8,48.24,18514.51,Local_Market,South,427.42,10.45,293.8,9.9,23.0,H202504-31
SALE_10244,2025-04-07,Farm_C,Grade A,1062.2,66.31,70434.48,Local_Market,West,426.42,5.67,116.9,8.7,32.8,H202504-28
SALE_10291,2025-04-07,Farm_E,Grade C,643.9,35.73,23006.55,Export_Co,North,505.66,13.11,303.2,8.0,34.1,H202504-01
SALE_10116,2025-04-07,Farm_C,Premium,920.6,96.05,88423.63,Wholesale_Mart,East,492.84,13.61,119.4,6.8,29.4,H202504-15
SALE_10079,2025-04-07,Farm_C,Grade B,168.4,43.69,7357.4,SuperVeg,East,235.21,16.21,222.2,9.2,37.6,H202504-32
SALE_10216,2025-04-07,Farm_C,Grade C,1190.0,36.4,43316.0,Wholesale_Mart,South,383.52,8.35,102.8,7.9,36.2,H202504-49
SALE_10072,2025-04-07,Farm_B,Grade A,757.2,80.24,60757.73,Organic_Store,South,428.53,0.82,315.5,9.7,29.3,H202504-04
SALE_10386,2025-04-08,Farm_C,Grade C,595.3,21.33,12697.75,SuperVeg,South,248.53,16.82,221.3,7.4,26.0,H202504-38
SALE_10094,2025-04-08,Farm_C,Grade A,650.8,74.89,48738.41,Organic_Store,West,287.88,10.31,209.9,9.5,28.6,H202504-26
SALE_10141,2025-04-08,Farm_E,Grade B,865.4,39.14,33871.76,FreshMart,North,226.24,17.35,210.6,9.2,29.0,H202504-45
SALE_10269,2025-04-08,Farm_E,Grade A,729.2,75.22,54850.42,SuperVeg,West,390.36,12.91,125.2,9.2,29.7,H202504-11
SALE_10189,2025-04-09,Farm_D,Grade B,578.1,38.04,21990.92,Wholesale_Mart,East,273.67,15.76,227.1,9.1,33.1,H202504-15
SALE_10409,2025-04-09,Farm_E,Grade A,647.6,81.93,53057.87,Export_Co,East,518.28,17.9,83.0,9.0,29.4,H202504-26
SALE_10169,2025-04-09,Farm_B,Grade B,159.3,44.52,7092.04,Organic_Store,East,301.53,3.36,153.9,9.7,31.5,H202504-46
SALE_10286,2025-04-09,Farm_A,Premium,1059.1,91.77,97193.61,Wholesale_Mart,North,89.01,1.85,326.0,7.7,26.5,H202504-33
SALE_10381,2025-04-09,Farm_E,Grade B,997.1,54.98,54820.56,Local_Market,South,542.99,7.22,259.9,9.9,22.5,H202504-08
SALE_10332,2025-04-10,Farm_E,Grade A,650.2,73.78,47971.76,Export_Co,North,435.38,11.0,94.4,7.8,22.6,H202504-36
SALE_10268,2025-04-10,Farm_E,Premium,536.0,83.06,44520.16,Organic_Store,North,486.19,14.79,129.0,7.8,36.0,H202504-36
SALE_10461,2025-04-10,Farm_B,Grade A,166.6,77.84,12968.14,SuperVeg,North,401.72,11.01,124.9,7.8,30.3,H202504-04
SALE_10105,2025-04-10,Farm_E,Grade B,324.5,55.6,18042.2,Export_Co,West,478.42,3.81,318.0,9.8,27.3,H202504-31
SALE_10192,2025-04-10,Farm_D,Premium,779.8,92.96,72490.21,Organic_Store,East,376.51,8.33,230.6,7.1,30.3,H202504-45
SALE_10445,2025-04-10,Farm_A,Grade B,907.6,53.52,48574.75,FreshMart,West,119.35,6.36,164.7,8.7,25.1,H202504-07
SALE_10387,2025-04-11,Farm_D,Premium,1173.6,87.9,103159.44,Export_Co,South,589.37,1.81,325.1,9.9,32.0,H202504-38
SALE_10469,2025-04-11,Farm_C,Grade A,574.0,71.64,41121.36,SuperVeg,South,176.76,2.17,193.2,6.9,21.4,H202504-48
SALE_10096,2025-04-11,Farm_B,Grade A,50.3,65.71,3305.21,FreshMart,East,611.58,1.73,82.6,6.7,19.8,H202504-44
SALE_10316,2025-04-11,Farm_D,Grade A,732.1,63.07,46173.55,SuperVeg,North,464.63,12.36,180.7,9.7,21.3,H202504-05
SALE_10492,2025-04-11,Farm_A,Grade B,753.0,44.42,33448.26,SuperVeg,West,87.79,16.18,87.8,7.3,18.6,H202504-35
SALE_10259,2025-04-11,Farm_C,Premium,305.4,83.43,25479.52,FreshMart,West,495.45,2.17,195.7,6.6,27.6,H202504-13
SALE_10296,2025-04-11,Farm_C,Grade A,189.7,74.69,14168.69,SuperVeg,East,147.5,4.21,164.0,7.1,22.9,H202504-19
SALE_10010,2025-04-11,Farm_E,Grade A,778.4,79.43,61828.31,Export_Co,East,186.34,16.12,225.6,9.2,35.9,H202504-39
SALE_10399,2025-04-11,Farm_A,Grade B,738.3,45.28,33430.22,Organic_Store,West,424.9,4.36,248.9,8.4,21.7,H202504-32
SALE_10191,2025-04-11,Farm_D,Grade B,171.3,50.14,8588.98,Wholesale_Mart,West,296.84,14.07,340.4,7.2,28.5,H202504-24
SALE_10294,2025-04-11,Farm_A,Grade C,1037.6,34.97,36284.87,Wholesale_Mart,West,428.01,3.31,261.9,7.1,31.9,H202504-47
SALE_10069,2025-04-11,Farm_D,Grade B,1060.4,46.91,49743.36,Organic_Store,West,406.7,17.96,283.1,8.9,33.6,H202504-33
SALE_10434,2025-04-12,Farm_C,Grade C,867.7,24.69,21423.51,Export_Co,East,646.77,4.57,94.5,7.1,18.8,H202504-13
SALE_10335,2025-04-12,Farm_E,Grade A,285.1,68.81,19617.73,SuperVeg,East,461.92,8.7,288.9,6.9,30.5,H202504-30
SALE_10012,2025-04-13,Farm_C,Grade A,301.6,73.16,22065.06,Export_Co,North,116.99,4.94,146.7,8.9,32.2,H202504-37
SALE_10403,2025-04-13,Farm_A,Grade A,1137.9,78.84,89712.04,Wholesale_Mart,North,614.05,17.72,295.1,9.1,31.6,H202504-36
SALE_10025,2025-04-14,Farm_D,Premium,131.6,84.94,11178.1,Organic_Store,East,585.37,0.98,236.3,8.0,31.4,H202504-25
SALE_10127,2025-04-14,Farm_C,Grade A,134.5,65.4,8796.3,FreshMart,North,272.09,15.01,196.3,7.3,30.3,H202504-01
SALE_10260,2025-04-14,Farm_B,Grade C,382.2,27.96,10686.31,SuperVeg,South,646.16,1.29,285.5,7.8,25.8,H202504-30
SALE_10406,2025-04-14,Farm_E,Premium,161.5,80.58,13013.67,FreshMart,South,414.99,2.47,169.6,9.2,26.7,H202504-47
SALE_10305,2025-04-14,Farm_B,Grade C,211.4,33.42,7064.99,Export_Co,North,300.37,12.09,173.7,7.8,21.2,H202504-16
SALE_10402,2025-04-14,Farm_E,Grade B,1059.7,48.16,51035.15,Local_Market,North,107.76,2.22,91.9,7.1,28.8,H202504-37
SALE_10234,2025-04-14,Farm_E,Grade B,651.0,42.99,27986.49,Wholesale_Mart,West,559.98,4.74,209.1,7.0,32.2,H202504-47
SALE_10357,2025-04-14,Farm_E,Grade A,671.3,78.89,52958.86,Organic_Store,East,296.05,16.51,147.8,9.4,27.7,H202504-32
SALE_10252,2025-04-14,Farm_C,Grade B,1178.9,47.55,56056.69,Export_Co,West,173.41,11.75,298.7,9.7,24.7,H202504-47
SALE_10250,2025-04-14,Farm_C,Grade C,1084.4,34.2,37086.48,Local_Market,South,423.88,8.78,96.1,8.8,29.6,H202504-40
SALE_10201,2025-04-15,Farm_D,Premium,678.6,84.61,57416.35,Organic_Store,West,143.11,7.89,91.3,9.0,36.4,H202504-23
SALE_10057,2025-04-16,Farm_B,Grade C,474.3,29.25,13873.27,Local_Market,South,100.91,4.92,272.6,9.5,28.2,H202504-47
SALE_10243,2025-04-16,Farm_B,Grade C,474.0,27.4,12987.6,Export_Co,West,517.51,7.79,302.0,9.4,22.2,H202504-09
SALE_10144,2025-04-16,Farm_A,Grade B,1049.6,46.46,48764.42,Local_Market,North,181.71,5.96,142.2,7.2,30.8,H202504-09
SALE_10142,2025-04-16,Farm_C,Premium,741.9,93.38,69278.62,Organic_Store,East,210.01,4.21,245.0,7.9,34.8,H202504-08
SALE_10437,2025-04-16,Farm_D,Grade A,320.0,78.38,25081.6,Export_Co,East,119.13,17.86,336.9,7.0,28.8,H202504-07
SALE_10318,2025-04-16,Farm_A,Premium,1141.1,78.21,89245.43,FreshMart,East,94.23,3.5,202.5,8.0,31.7,H202504-38
SALE_10044,2025-04-16,Farm_A,Premium,850.1,86.09,73185.11,Local_Market,South,413.06,16.27,92.3,7.5,37.0,H202504-08
SALE_10203,2025-04-16,Farm_D,Grade A,301.2,64.4,19397.28,Export_Co,East,230.09,1.31,233.1,7.5,34.5,H202504-35
SALE_10180,2025-04-16,Farm_C,Grade B,521.4,53.8,28051.32,SuperVeg,West,405.97,10.79,129.8,7.7,24.7,H202504-13
SALE_10020,2025-04-17,Farm_D,Grade B,472.9,42.3,20003.67,Organic_Store,South,634.62,7.38,320.9,8.6,33.9,H202504-30
SALE_10416,2025-04-17,Farm_C,Grade B,881.5,52.45,46234.68,Wholesale_Mart,East,410.02,0.76,177.3,8.6,25.7,H202504-40
SALE_10312,2025-04-17,Farm_C,Grade C,1088.6,38.67,42096.16,SuperVeg,East,464.33,0.6,205.8,8.4,24.1,H202504-13
SALE_10425,2025-04-17,Farm_E,Grade A,811.7,77.04,62533.37,SuperVeg,East,244.98,14.21,296.9,9.9,30.0,H202504-08
SALE_10205,2025-04-17,Farm_D,Grade B,357.9,52.78,18889.96,Local_Market,West,455.53,4.92,139.5,8.2,32.8,H202504-09
SALE_10280,2025-04-18,Farm_D,Grade B,353.9,41.11,14548.83,Wholesale_Mart,West,233.06,5.53,257.3,9.8,30.1,H202504-39
SALE_10037,2025-04-18,Farm_D,Grade C,1152.3,36.94,42565.96,Wholesale_Mart,West,625.38,12.34,210.3,8.2,19.7,H202504-05
SALE_10077,2025-04-18,Farm_A,Grade C,577.8,31.15,17998.47,Organic_Store,East,384.99,3.73,160.9,7.6,25.9,H202504-19
SALE_10178,2025-04-18,Farm_C,Grade A,849.7,76.92,65358.92,FreshMart,South,199.61,14.94,220.5,7.8,20.4,H202504-49
SALE_10453,2025-04-18,Farm_B,Grade B,1183.6,52.83,62529.59,Organic_Store,West,273.36,10.03,91.1,9.0,26.9,H202504-25
SALE_10131,2025-04-19,Farm_D,Grade A,210.6,62.6,13183.56,Local_Market,East,481.67,4.03,261.8,9.8,19.9,H202504-08
SALE_10464,2025-04-19,Farm_D,Grade C,496.0,25.76,12776.96,FreshMart,South,556.76,15.59,165.3,9.4,18.8,H202504-06
SALE_10172,2025-04-19,Farm_C,Grade B,1016.8,51.66,52527.89,SuperVeg,North,416.5,9.4,160.3,8.4,31.8,H202504-39
SALE_10427,2025-04-19,Farm_D,Premium,637.8,89.09,56821.6,SuperVeg,East,552.36,15.02,271.5,6.9,34.8,H202504-48
SALE_10080,2025-04-19,Farm_E,Grade C,81.2,24.44,1984.53,SuperVeg,West,91.24,2.32,296.0,7.1,31.1,H202504-47
SALE_10196,2025-04-19,Farm_C,Grade C,411.5,29.42,12106.33,Export_Co,East,259.01,4.95,301.2,9.5,28.5,H202504-48
SALE_10423,2025-04-20,Farm_B,Grade C,740.0,29.71,21985.4,Wholesale_Mart,West,607.94,15.75,292.0,7.4,36.2,H202504-18
SALE_10130,2025-04-20,Farm_D,Grade A,507.0,71.6,36301.2,SuperVeg,West,89.91,6.15,342.7,8.5,23.1,H202504-43
SALE_10009,2025-04-21,Farm_E,Grade C,849.8,22.79,19366.94,Local_Market,West,510.66,4.5,100.8,7.5,21.2,H202504-02
SALE_10392,2025-04-21,Farm_A,Premium,236.9,90.51,21441.82,Export_Co,North,433.38,12.72,138.0,6.6,25.3,H202504-35
SALE_10000,2025-04-21,Farm_E,Grade B,891.8,48.97,43671.45,FreshMart,West,136.99,8.54,170.1,7.0,31.0,H202504-02
SALE_10159,2025-04-21,Farm_E,Grade C,804.1,36.96,29719.54,FreshMart,West,531.49,7.58,256.6,7.7,28.5,H202504-22
SALE_10075,2025-04-21,Farm_A,Premium,744.3,79.29,59015.55,Export_Co,North,572.21,16.65,205.7,8.1,36.4,H202504-43
SALE_10162,2025-04-21,Farm_E,Grade A,196.3,79.29,15564.63,Export_Co,South,351.33,7.08,186.5,8.1,33.7,H202504-13
SALE_10440,2025-04-21,Farm_E,Premium,186.5,80.44,15002.06,Wholesale_Mart,West,500.59,2.93,198.8,8.1,22.2,H202504-28
SALE_10246,2025-04-22,Farm_D,Grade B,1010.8,37.29,37692.73,Local_Market,South,272.29,0.84,113.6,7.9,27.9,H202504-47
SALE_10347,2025-04-22,Farm_E,Grade C,156.0,31.7,4945.2,Local_Market,North,590.55,14.21,268.9,8.6,35.3,H202504-44
SALE_10391,2025-04-22,Farm_D,Grade A,120.7,78.27,9447.19,FreshMart,West,449.8,17.2,120.9,8.1,30.0,H202504-38
SALE_10019,2025-04-23,Farm_C,Grade C,1193.6,23.52,28073.47,Export_Co,North,361.52,3.63,178.9,9.0,32.4,H202504-33
SALE_10237,2025-04-23,Farm_D,Grade C,835.0,24.84,20741.4,Export_Co,South,548.84,14.57,229.2,8.3,20.9,H202504-23
SALE_10184,2025-04-23,Farm_B,Premium,943.2,78.31,73861.99,Local_Market,East,99.16,1.6,324.7,7.0,28.6,H202504-33
SALE_10211,2025-04-23,Farm_A,Premium,989.2,82.69,81796.95,Wholesale_Mart,East,383.01,15.9,235.2,6.6,31.5,H202504-46
SALE_10004,2025-04-23,Farm_B,Grade C,262.6,39.39,10343.81,FreshMart,East,615.51,16.16,241.4,9.6,19.8,H202504-23
SALE_10095,2025-04-24,Farm_D,Grade B,412.6,47.79,19718.15,Local_Market,South,261.69,11.45,319.2,8.6,22.7,H202504-35
SALE_10407,2025-04-24,Farm_C,Grade B,1191.4,41.81,49812.43,Organic_Store,South,553.45,4.43,187.8,7.9,37.6,H202504-23
SALE_10179,2025-04-24,Farm_A,Grade A,477.1,63.25,30176.58,Export_Co,West,516.96,13.34,160.8,7.1,30.8,H202504-20
SALE_10489,2025-04-24,Farm_D,Grade C,182.7,37.39,6831.15,Organic_Store,West,227.47,6.58,294.4,8.6,36.8,H202504-07
SALE_10426,2025-04-25,Farm_D,Grade B,1054.0,40.38,42560.52,SuperVeg,North,351.02,15.36,183.5,7.1,34.7,H202504-33
SALE_10408,2025-04-25,Farm_C,Grade A,982.0,67.45,66235.9,Export_Co,West,292.11,9.63,98.4,7.1,37.1,H202504-35
SALE_10219,2025-04-25,Farm_D,Premium,792.6,77.9,61743.54,Wholesale_Mart,North,619.59,6.45,219.7,7.8,18.1,H202504-47
SALE_10013,2025-04-25,Farm_A,Grade B,751.0,47.05,35334.55,Organic_Store,West,238.83,16.39,144.7,7.0,27.8,H202504-32
SALE_10435,2025-04-25,Farm_B,Grade A,442.4,70.88,31357.31,Local_Market,South,580.15,14.03,261.3,6.6,28.7,H202504-04
SALE_10321,2025-04-25,Farm_C,Premium,970.1,94.69,91858.77,Wholesale_Mart,West,194.32,4.28,266.6,8.6,30.4,H202504-15
SALE_10102,2025-04-25,Farm_C,Grade B,198.9,54.77,10893.75,Wholesale_Mart,South,571.41,14.67,256.9,8.4,19.7,H202504-24
SALE_10089,2025-04-25,Farm_A,Grade A,85.9,67.25,5776.78,SuperVeg,East,109.31,9.19,241.1,7.6,33.4,H202504-09
SALE_10256,2025-04-25,Farm_C,Grade A,650.9,66.38,43206.74,Local_Market,North,604.05,3.58,137.8,6.5,18.3,H202504-44
SALE_10466,2025-04-26,Farm_D,Grade C,1022.5,22.28,22781.3,FreshMart,South,551.95,7.11,344.9,8.1,33.8,H202504-40
SALE_10449,2025-04-26,Farm_B,Grade C,606.4,22.46,13619.74,Wholesale_Mart,East,607.85,3.33,340.8,7.2,32.8,H202504-21
SALE_10444,2025-04-26,Farm_E,Premium,629.2,93.58,58880.54,Organic_Store,West,352.31,8.87,287.4,8.6,30.7,H202504-33
SALE_10249,2025-04-26,Farm_D,Grade C,703.3,33.26,23391.76,Local_Market,West,581.18,12.32,227.7,9.3,30.1,H202504-08
SALE_10279,2025-04-26,Farm_B,Grade A,646.5,65.59,42403.94,Organic_Store,South,144.58,7.56,279.2,8.9,26.5,H202504-27
SALE_10128,2025-04-26,Farm_D,Grade C,92.2,34.73,3202.11,Local_Market,East,350.54,15.27,297.5,8.5,35.4,H202504-44
SALE_10100,2025-04-26,Farm_B,Premium,264.4,92.59,24480.8,Organic_Store,North,112.97,17.46,318.6,9.7,37.9,H202504-42
SALE_10097,2025-04-26,Farm_D,Grade B,508.0,38.83,19725.64,Export_Co,North,497.39,0.56,206.2,7.5,35.1,H202504-18
SALE_10267,2025-04-26,Farm_B,Grade C,310.0,26.08,8084.8,Local_Market,East,211.34,0.53,276.9,9.8,22.5,H202504-36
SALE_10051,2025-04-26,Farm_A,Grade C,602.1,28.41,17105.66,Local_Market,North,444.44,14.59,323.9,8.6,37.6,H202504-34
SALE_10266,2025-04-26,Farm_A,Grade B,102.2,42.8,4374.16,Local_Market,North,303.34,10.07,223.6,8.5,19.2,H202504-06
SALE_10028,2025-04-27,Farm_B,Premium,262.0,78.62,20598.44,Wholesale_Mart,East,313.1,3.53,122.2,7.4,29.0,H202504-48
SALE_10241,2025-04-27,Farm_B,Premium,495.8,89.65,44448.47,FreshMart,West,175.16,12.98,259.9,9.8,33.2,H202504-17
SALE_10148,2025-04-27,Farm_C,Grade A,819.9,81.88,67133.41,FreshMart,South,397.94,13.29,205.6,6.7,29.2,H202504-36
SALE_10104,2025-04-27,Farm_C,Grade C,811.4,30.88,25056.03,Local_Market,North,498.33,9.62,314.4,7.3,21.1,H202504-48
SALE_10026,2025-04-27,Farm_E,Grade A,729.5,62.61,45674.0,Export_Co,South,548.88,6.8,114.3,8.3,33.4,H202504-44
SALE_10262,2025-04-27,Farm_B,Premium,1170.5,77.55,90772.27,SuperVeg,West,508.51,4.5,338.2,7.0,31.6,H202504-41
SALE_10248,2025-04-27,Farm_D,Grade B,711.7,38.53,27421.8,Organic_Store,North,148.52,5.15,84.7,7.5,33.5,H202504-07
SALE_10043,2025-04-27,Farm_D,Premium,1165.4,77.86,90738.04,Local_Market,East,380.79,17.88,99.9,8.4,37.4,H202504-18
SALE_10307,2025-04-28,Farm_A,Grade C,739.7,37.23,27539.03,Organic_Store,East,492.88,13.55,230.6,8.5,20.7,H202504-26
SALE_10283,2025-04-28,Farm_C,Grade C,57.7,35.45,2045.47,Export_Co,South,292.93,1.38,249.4,7.8,36.7,H202504-09
SALE_10457,2025-04-28,Farm_C,Grade B,890.9,52.39,46674.25,Export_Co,South,406.93,6.48,255.1,6.7,35.9,H202504-22
SALE_10480,2025-04-28,Farm_A,Grade C,630.3,20.15,12700.54,Organic_Store,West,369.53,13.63,163.9,8.2,35.1,H202504-49
SALE_10112,2025-04-28,Farm_D,Grade A,924.1,70.85,65472.48,SuperVeg,North,262.82,13.18,281.4,7.2,35.4,H202504-24
SALE_10495,2025-04-28,Farm_A,Grade B,875.9,39.49,34589.29,SuperVeg,West,393.7,9.49,266.3,9.3,24.5,H202504-28
SALE_10048,2025-04-28,Farm_C,Premium,1014.1,86.37,87587.82,SuperVeg,West,235.84,1.49,313.5,9.3,38.0,H202504-38
SALE_10394,2025-04-28,Farm_D,Premium,142.7,95.79,13669.23,FreshMart,East,414.38,15.0,101.7,8.1,30.6,H202504-30
SALE_10195,2025-04-28,Farm_C,Premium,693.7,87.55,60733.44,Wholesale_Mart,East,587.45,1.89,277.5,7.1,35.2,H202504-38
SALE_10204,2025-04-28,Farm_A,Grade C,124.2,37.54,4662.47,FreshMart,North,268.33,6.46,347.0,8.6,28.6,H202504-49
SALE_10015,2025-04-28,Farm_E,Grade B,729.5,50.55,36876.22,SuperVeg,South,371.89,4.46,254.2,7.1,31.8,H202504-39
SALE_10076,2025-04-28,Farm_D,Grade B,212.0,40.53,8592.36,Export_Co,South,99.31,5.95,290.7,7.4,22.4,H202504-21
SALE_10002,2025-04-29,Farm_C,Grade C,641.4,31.85,20428.59,SuperVeg,North,426.3,3.48,97.6,9.7,37.3,H202504-09
SALE_10315,2025-04-30,Farm_C,Premium,313.2,88.94,27856.01,SuperVeg,South,291.75,11.32,250.9,8.1,26.9,H202504-04
SALE_10206,2025-04-30,Farm_A,Grade C,1048.8,21.29,22328.95,Wholesale_Mart,East,374.94,8.03,165.6,8.0,33.5,H202504-41
SALE_10428,2025-04-30,Farm_A,Grade C,884.2,22.25,19673.45,FreshMart,South,585.24,1.33,339.6,8.8,30.6,H202504-08
SALE_10209,2025-04-30,Farm_D,Grade A,102.5,64.8,6642.0,Export_Co,South,633.77,6.3,210.2,7.2,30.2,H202504-45
SALE_10254,2025-04-30,Farm_B,Premium,1156.7,89.42,103432.11,Organic_Store,South,513.69,10.07,128.7,8.1,29.2,H202504-06
SALE_10129,2025-04-30,Farm_D,Grade A,1184.7,64.46,76365.76,Local_Market,East,109.47,11.7,140.7,7.1,19.8,H202504-33
SALE_10098,2025-05-01,Farm_E,Premium,368.9,95.21,35122.97,Wholesale_Mart,West,299.07,12.39,138.9,9.7,33.7,H202505-43
SALE_10078,2025-05-01,Farm_E,Premium,92.0,86.44,7952.48,SuperVeg,South,247.61,13.0,222.5,8.3,27.6,H202505-30
SALE_10005,2025-05-01,Farm_E,Grade C,909.4,30.79,28000.43,FreshMart,North,240.13,10.0,118.0,9.2,19.5,H202505-07
SALE_10011,2025-05-01,Farm_A,Premium,312.1,85.54,26697.03,Export_Co,North,570.62,0.62,217.9,7.9,22.4,H202505-42
SALE_10490,2025-05-02,Farm_B,Grade A,1133.7,77.76,88156.51,SuperVeg,West,384.46,12.55,282.1,7.2,35.3,H202505-07
SALE_10448,2025-05-02,Farm_B,Premium,1031.7,91.51,94410.87,SuperVeg,North,300.48,1.91,119.7,7.5,19.8,H202505-37
SALE_10478,2025-05-02,Farm_A,Grade B,365.1,48.86,17838.79,Local_Market,North,156.01,4.74,158.8,9.6,22.6,H202505-34
SALE_10367,2025-05-02,Farm_D,Grade A,519.7,75.59,39284.12,Local_Market,South,99.76,7.36,268.2,7.2,30.8,H202505-29
SALE_10328,2025-05-02,Farm_D,Grade C,840.1,33.16,27857.72,Wholesale_Mart,West,535.84,2.66,268.6,7.9,28.3,H202505-40
SALE_10325,2025-05-03,Farm_B,Grade B,397.8,48.27,19201.81,Organic_Store,North,352.74,14.16,162.0,7.6,18.1,H202505-23
SALE_10433,2025-05-03,Farm_B,Grade B,915.8,51.66,47310.23,Wholesale_Mart,South,491.99,4.56,270.5,7.5,22.8,H202505-27
SALE_10182,2025-05-03,Farm_E,Grade C,203.5,21.61,4397.64,FreshMart,West,329.0,13.27,286.7,7.0,30.2,H202505-31
SALE_10163,2025-05-03,Farm_A,Grade C,412.7,33.76,13932.75,Export_Co,East,225.16,15.22,90.4,9.6,27.2,H202505-11
SALE_10372,2025-05-04,Farm_D,Premium,930.2,82.06,76332.21,Export_Co,East,114.77,5.54,105.2,9.8,20.7,H202505-03
SALE_10188,2025-05-04,Farm_B,Premium,212.1,90.28,19148.39,Wholesale_Mart,South,135.61,15.58,204.2,9.0,23.8,H202505-47
SALE_10258,2025-05-04,Farm_C,Grade B,948.6,56.2,53311.32,FreshMart,South,567.47,11.05,305.6,9.2,25.5,H202505-28
SALE_10232,2025-05-04,Farm_D,Premium,777.8,78.38,60963.96,Local_Market,East,614.14,14.88,298.5,9.5,32.0,H202505-40
SALE_10441,2025-05-04,Farm_D,Grade A,627.8,62.29,39105.66,SuperVeg,West,639.05,11.1,216.0,9.5,37.1,H202505-14
SALE_10278,2025-05-05,Farm_D,Premium,788.0,90.43,71258.84,Organic_Store,West,318.45,13.64,107.4,7.4,23.5,H202505-10
SALE_10124,2025-05-05,Farm_B,Grade C,535.0,25.54,13663.9,SuperVeg,South,600.05,4.19,248.2,8.6,32.7,H202505-35
SALE_10375,2025-05-05,Farm_D,Grade C,195.3,20.56,4015.37,FreshMart,East,539.85,15.24,210.3,9.1,31.5,H202505-36
SALE_10231,2025-05-05,Farm_A,Grade C,893.0,30.57,27299.01,Organic_Store,West,644.61,4.01,348.6,6.8,18.0,H202505-03
SALE_10436,2025-05-06,Farm_B,Grade A,696.8,67.59,47096.71,FreshMart,North,585.31,7.48,313.0,7.4,28.7,H202505-09
SALE_10343,2025-05-06,Farm_B,Grade B,113.9,37.14,4230.25,Export_Co,North,458.21,7.7,188.6,9.5,35.9,H202505-23
SALE_10033,2025-05-06,Farm_A,Premium,799.2,81.13,64839.1,Local_Market,North,202.32,7.1,90.5,8.6,24.7,H202505-26
SALE_10303,2025-05-06,Farm_C,Grade B,453.1,44.45,20140.3,SuperVeg,West,290.66,8.62,275.1,8.7,32.2,H202505-27
SALE_10265,2025-05-07,Farm_B,Grade B,1061.4,46.2,49036.68,SuperVeg,East,107.16,13.22,289.0,7.7,34.5,H202505-34
SALE_10422,2025-05-07,Farm_A,Grade C,1081.5,36.92,39928.98,Wholesale_Mart,West,625.09,7.09,171.6,6.7,27.7,H202505-40
SALE_10242,2025-05-07,Farm_A,Grade A,359.3,71.51,25693.54,SuperVeg,East,649.7,2.33,214.6,7.8,35.3,H202505-35
SALE_10070,2025-05-07,Farm_B,Grade A,618.1,77.09,47649.33,Organic_Store,South,385.79,7.13,203.4,8.6,28.0,H202505-08
SALE_10346,2025-05-07,Farm_C,Grade A,171.7,79.46,13643.28,SuperVeg,East,307.73,6.22,82.9,9.3,34.0,H202505-05
SALE_10263,2025-05-07,Farm_E,Grade C,552.1,31.6,17446.36,SuperVeg,East,512.5,5.44,175.3,9.5,36.9,H202505-40
SALE_10292,2025-05-07,Farm_D,Grade C,559.8,31.07,17392.99,Wholesale_Mart,North,503.24,1.84,315.6,9.3,22.3,H202505-32
SALE_10476,2025-05-07,Farm_E,Premium,297.4,89.55,26632.17,Local_Market,East,648.59,1.07,143.6,7.6,26.0,H202505-10
SALE_10149,2025-05-08,Farm_E,Premium,843.5,81.02,68340.37,FreshMart,South,320.93,14.88,80.3,7.5,37.6,H202505-03
SALE_10400,2025-05-08,Farm_E,Grade A,375.9,78.74,29598.37,SuperVeg,West,293.07,11.44,83.3,7.0,32.8,H202505-29
SALE_10475,2025-05-08,Farm_D,Grade A,764.4,64.41,49235.0,FreshMart,South,186.55,8.29,211.8,9.3,20.0,H202505-38
SALE_10099,2025-05-09,Farm_C,Grade A,755.4,65.34,49357.84,Export_Co,East,212.05,17.0,255.4,8.6,28.3,H202505-10
SALE_10245,2025-05-09,Farm_D,Grade C,504.4,34.26,17280.74,Organic_Store,North,587.42,5.53,179.3,6.7,20.2,H202505-10
SALE_10147,2025-05-09,Farm_A,Grade B,129.8,47.38,6149.92,FreshMart,East,536.2,4.59,225.8,9.5,31.0,H202505-44
SALE_10014,2025-05-09,Farm_D,Grade B,925.9,41.75,38656.32,Organic_Store,East,348.07,17.71,187.7,9.3,34.0,H202505-09
SALE_10199,2025-05-09,Farm_A,Grade C,311.3,36.74,11437.16,SuperVeg,East,573.84,4.27,177.3,6.7,33.3,H202505-46
SALE_10063,2025-05-09,Farm_B,Grade A,867.6,65.99,57252.92,Export_Co,North,382.01,12.88,287.3,6.8,28.1,H202505-36
SALE_10061,2025-05-09,Farm_D,Grade A,264.6,67.7,17913.42,Wholesale_Mart,West,109.43,0.82,268.2,9.9,35.9,H202505-20
SALE_10194,2025-05-09,Farm_C,Grade C,185.3,34.79,6446.59,Wholesale_Mart,West,356.65,2.64,275.8,7.6,37.9,H202505-31
SALE_10181,2025-05-09,Farm_A,Grade B,393.5,55.81,21961.24,FreshMart,West,324.9,15.77,307.3,7.1,34.1,H202505-10
SALE_10421,2025-05-09,Farm_C,Grade A,219.3,66.13,14502.31,Export_Co,East,442.56,7.47,81.8,8.3,36.4,H202505-24
SALE_10379,2025-05-09,Farm_D,Grade C,1088.1,36.75,39987.67,Local_Market,West,151.97,14.74,329.5,8.1,28.0,H202505-05
SALE_10187,2025-05-10,Farm_A,Premium,1177.6,81.55,96033.28,Export_Co,South,389.25,14.35,228.2,8.6,22.5,H202505-34
SALE_10354,2025-05-10,Farm_C,Grade A,171.8,69.1,11871.38,Local_Market,South,465.22,12.02,98.9,7.8,21.6,H202505-16
SALE_10301,2025-05-10,Farm_E,Grade B,993.7,45.09,44805.93,SuperVeg,West,123.15,7.29,297.0,9.6,22.1,H202505-32
SALE_10042,2025-05-11,Farm_E,Grade B,796.6,51.92,41359.47,Local_Market,East,628.44,7.06,157.1,9.5,22.5,H202505-06
SALE_10165,2025-05-11,Farm_A,Grade B,873.8,38.44,33588.87,SuperVeg,East,100.28,9.4,184.7,8.1,37.8,H202505-15
SALE_10460,2025-05-11,Farm_E,Premium,693.7,94.16,65318.79,Local_Market,West,254.57,5.14,268.0,7.2,19.9,H202505-34
SALE_10331,2025-05-11,Farm_A,Grade A,480.7,77.95,37470.57,SuperVeg,East,129.6,10.24,308.2,9.2,21.5,H202505-25
SALE_10151,2025-05-11,Farm_A,Premium,1000.0,92.64,92640.0,FreshMart,North,100.61,5.8,151.0,7.7,19.8,H202505-27
SALE_10337,2025-05-11,Farm_C,Grade A,850.0,74.22,63087.0,FreshMart,South,111.65,10.45,255.9,7.2,29.1,H202505-21
SALE_10133,2025-05-11,Farm_A,Grade A,1106.5,74.01,81892.07,Organic_Store,North,460.17,10.6,174.1,7.0,30.1,H202505-09
SALE_10090,2025-05-12,Farm_A,Premium,619.8,90.77,56259.25,FreshMart,North,220.45,14.83,295.8,8.9,23.4,H202505-34
SALE_10046,2025-05-12,Farm_A,Premium,985.9,90.69,89411.27,Local_Market,North,599.23,14.89,336.4,9.0,30.3,H202505-02
SALE_10065,2025-05-12,Farm_A,Premium,735.0,86.43,63526.05,SuperVeg,South,140.82,15.39,281.4,7.9,36.7,H202505-11
SALE_10358,2025-05-12,Farm_E,Grade A,709.0,68.5,48566.5,SuperVeg,West,235.04,0.61,344.2,9.8,25.9,H202505-41
SALE_10272,2025-05-12,Farm_E,Grade A,436.0,81.57,35564.52,SuperVeg,North,479.67,13.22,231.8,9.7,27.9,H202505-03
SALE_10152,2025-05-12,Farm_A,Grade B,999.1,42.59,42551.67,FreshMart,East,577.8,3.33,292.3,8.5,29.3,H202505-42
SALE_10499,2025-05-13,Farm_C,Grade B,129.3,46.67,6034.43,Wholesale_Mart,West,224.77,15.86,104.2,8.9,23.4,H202505-19
SALE_10215,2025-05-13,Farm_B,Grade B,732.7,37.2,27256.44,FreshMart,West,600.57,11.22,315.9,9.0,20.4,H202505-02
SALE_10228,2025-05-14,Farm_A,Grade A,926.1,69.73,64576.95,SuperVeg,East,360.63,10.6,313.7,9.8,26.2,H202505-47
SALE_10018,2025-05-14,Farm_A,Grade C,953.1,33.38,31814.48,Organic_Store,West,292.2,16.95,342.9,7.5,24.1,H202505-02
SALE_10039,2025-05-14,Farm_B,Grade B,214.4,52.23,11198.11,Export_Co,North,137.64,1.97,269.3,6.7,34.4,H202505-02
SALE_10062,2025-05-14,Farm_D,Grade B,989.6,42.16,41721.54,Organic_Store,West,547.89,13.07,224.5,8.1,34.8,H202505-05
SALE_10287,2025-05-14,Farm_B,Grade A,1144.2,78.77,90128.63,Organic_Store,West,549.1,16.82,226.9,7.2,30.3,H202505-01
SALE_10111,2025-05-14,Farm_D,Grade C,144.7,33.61,4863.37,Organic_Store,West,235.76,17.14,120.8,8.0,36.9,H202505-16
SALE_10045,2025-05-15,Farm_D,Premium,369.0,80.76,29800.44,FreshMart,East,281.41,10.71,101.0,9.8,37.7,H202505-17
SALE_10496,2025-05-15,Farm_B,Grade B,249.0,42.34,10542.66,Export_Co,North,109.44,1.36,184.3,7.7,24.3,H202505-12
SALE_10482,2025-05-15,Farm_E,Grade C,885.9,37.48,33203.53,FreshMart,West,170.32,1.59,302.1,7.6,26.0,H202505-17
SALE_10208,2025-05-15,Farm_E,Grade B,800.1,56.01,44813.6,FreshMart,West,503.85,9.36,251.2,6.7,23.1,H202505-17
SALE_10348,2025-05-15,Farm_B,Premium,703.2,82.93,58316.38,Local_Market,North,546.68,17.71,150.1,9.8,26.6,H202505-47
SALE_10397,2025-05-15,Farm_E,Premium,701.9,84.03,58980.66,FreshMart,East,93.74,2.54,114.3,7.1,27.2,H202505-38
SALE_10374,2025-05-16,Farm_A,Grade A,301.5,63.2,19054.8,Local_Market,South,149.54,12.77,110.6,9.9,21.7,H202505-25
SALE_10471,2025-05-16,Farm_E,Grade A,849.2,62.21,52828.73,FreshMart,South,408.13,2.71,237.1,9.1,26.1,H202505-37
SALE_10064,2025-05-16,Farm_C,Grade B,109.6,43.73,4792.81,FreshMart,North,116.12,17.82,167.0,9.3,23.1,H202505-37
SALE_10008,2025-05-17,Farm_C,Premium,880.0,81.72,71913.6,Organic_Store,West,103.05,12.94,109.9,8.0,22.0,H202505-32
SALE_10030,2025-05-17,Farm_D,Premium,158.3,83.23,13175.31,Organic_Store,East,179.94,0.8,286.1,9.2,24.9,H202505-30
SALE_10276,2025-05-17,Farm_C,Grade A,1007.8,80.12,80744.94,FreshMart,East,464.19,1.41,228.2,7.5,24.1,H202505-27
SALE_10145,2025-05-17,Farm_E,Premium,117.2,79.84,9357.25,SuperVeg,West,476.23,7.58,195.6,8.9,31.8,H202505-39
SALE_10442,2025-05-17,Farm_C,Grade A,242.7,68.21,16554.57,Local_Market,East,533.97,13.44,254.3,7.0,28.9,H202505-06
SALE_10401,2025-05-18,Farm_C,Grade A,492.9,79.1,38988.39,Local_Market,West,583.63,5.24,132.4,8.1,18.1,H202505-03
SALE_10429,2025-05-18,Farm_C,Grade A,1133.4,67.97,77037.2,Local_Market,East,647.42,16.45,139.8,6.7,23.1,H202505-14
SALE_10103,2025-05-18,Farm_C,Premium,106.1,87.65,9299.67,Local_Market,East,142.4,16.15,347.7,6.7,35.7,H202505-29
SALE_10117,2025-05-19,Farm_D,Grade C,447.9,35.52,15909.41,FreshMart,East,121.28,9.85,318.3,6.8,34.5,H202505-26
SALE_10175,2025-05-20,Farm_A,Grade A,922.5,75.57,69713.32,SuperVeg,West,254.19,15.84,349.0,7.8,27.0,H202505-20
SALE_10491,2025-05-20,Farm_D,Grade C,244.5,39.55,9669.97,Local_Market,South,364.05,11.06,141.4,8.3,31.9,H202505-18
SALE_10451,2025-05-21,Farm_C,Grade C,720.6,31.58,22756.55,Export_Co,North,259.0,9.24,138.5,9.5,19.7,H202505-26
SALE_10016,2025-05-21,Farm_A,Grade B,442.2,39.27,17365.19,Organic_Store,South,227.03,12.05,300.6,8.4,28.6,H202505-02
SALE_10135,2025-05-21,Farm_E,Premium,414.8,94.38,39148.82,Wholesale_Mart,East,249.22,11.86,168.7,8.6,30.2,H202505-15
SALE_10109,2025-05-21,Farm_B,Grade A,1169.5,81.38,95173.91,Export_Co,West,154.15,13.77,86.6,6.6,24.5,H202505-15
SALE_10462,2025-05-21,Farm_E,Grade B,1111.0,52.24,58038.64,FreshMart,South,189.45,12.17,248.3,8.5,27.8,H202505-08
SALE_10052,2025-05-21,Farm_C,Grade B,1089.8,43.97,47918.51,Organic_Store,North,526.68,7.44,248.0,9.4,37.0,H202505-04
SALE_10430,2025-05-21,Farm_E,Grade B,631.3,47.16,29772.11,Organic_Store,South,640.16,4.87,99.8,8.8,29.9,H202505-29
SALE_10438,2025-05-22,Farm_A,Grade B,307.5,44.27,13613.03,Local_Market,South,637.17,14.64,279.1,8.3,34.8,H202505-30
SALE_10339,2025-05-22,Farm_D,Grade B,753.2,50.57,38089.32,Organic_Store,East,563.42,17.08,318.9,9.0,23.5,H202505-43
SALE_10122,2025-05-22,Farm_E,Grade C,673.9,29.87,20129.39,Export_Co,South,309.86,4.36,193.0,7.2,34.8,H202505-49
SALE_10443,2025-05-22,Farm_B,Grade A,525.5,62.8,33001.4,FreshMart,North,624.72,17.19,175.1,6.6,21.6,H202505-27
SALE_10060,2025-05-22,Farm_B,Premium,438.1,94.99,41615.12,FreshMart,West,282.98,17.76,243.6,7.3,20.0,H202505-06
SALE_10166,2025-05-22,Farm_C,Grade C,458.1,28.24,12936.74,Local_Market,South,553.4,1.7,194.6,6.8,28.3,H202505-17
SALE_10359,2025-05-22,Farm_E,Grade C,821.8,36.11,29675.2,Organic_Store,North,308.12,14.21,151.8,9.9,18.5,H202505-12
SALE_10183,2025-05-23,Farm_A,Grade C,65.4,25.65,1677.51,FreshMart,South,100.68,5.33,154.4,9.2,37.5,H202505-16
SALE_10431,2025-05-23,Farm_E,Premium,952.8,80.91,77091.05,FreshMart,South,463.92,2.9,154.8,6.7,36.6,H202505-39
SALE_10120,2025-05-23,Farm_D,Grade A,989.9,71.05,70332.39,SuperVeg,West,380.05,13.3,102.0,6.7,22.9,H202505-13
SALE_10455,2025-05-23,Farm_C,Grade C,661.1,27.92,18457.91,FreshMart,South,539.19,5.74,339.8,8.3,30.4,H202505-34
SALE_10310,2025-05-23,Farm_D,Premium,547.2,77.62,42473.66,Organic_Store,South,316.69,16.05,302.6,8.6,35.2,H202505-48
SALE_10210,2025-05-23,Farm_A,Premium,667.6,94.08,62807.81,Wholesale_Mart,South,554.99,15.27,156.9,8.1,26.8,H202505-42
SALE_10365,2025-05-24,Farm_E,Grade A,159.7,71.0,11338.7,Local_Market,West,576.29,1.96,137.0,9.1,19.0,H202505-37
SALE_10473,2025-05-24,Farm_A,Grade C,309.7,32.33,10012.6,Local_Market,West,265.92,8.7,119.9,9.8,22.2,H202505-23
SALE_10410,2025-05-24,Farm_A,Premium,289.6,84.11,24358.26,SuperVeg,West,318.48,6.76,240.3,8.5,21.2,H202505-39
SALE_10420,2025-05-24,Farm_E,Grade A,480.0,79.73,38270.4,Wholesale_Mart,West,630.41,7.39,115.3,8.8,32.6,H202505-39
SALE_10123,2025-05-24,Farm_B,Premium,1023.2,89.58,91658.26,Export_Co,East,517.6,9.33,226.7,8.2,29.8,H202505-34
SALE_10285,2025-05-24,Farm_A,Grade C,1040.5,36.35,37822.18,SuperVeg,North,329.88,17.93,141.9,8.4,31.4,H202505-20
SALE_10190,2025-05-24,Farm_D,Grade C,343.8,38.93,13384.13,FreshMart,East,520.05,0.98,97.6,8.1,36.2,H202505-33
SALE_10338,2025-05-24,Farm_B,Grade A,72.0,78.54,5654.88,Organic_Store,East,521.89,4.6,173.2,6.6,37.2,H202505-40
SALE_10385,2025-05-25,Farm_C,Grade B,309.9,48.02,14881.4,FreshMart,East,240.89,5.72,155.0,9.1,31.0,H202505-48
SALE_10493,2025-05-25,Farm_C,Grade B,438.7,51.11,22421.96,Local_Market,North,507.84,4.63,118.8,7.1,21.6,H202505-22
SALE_10306,2025-05-26,Farm_C,Premium,802.3,94.78,76041.99,Local_Market,North,440.46,3.24,208.0,8.9,23.4,H202505-08
SALE_10158,2025-05-26,Farm_C,Premium,213.6,79.43,16966.25,Organic_Store,South,137.6,12.61,96.8,8.2,37.9,H202505-17
SALE_10360,2025-05-26,Farm_A,Grade A,188.4,80.77,15217.07,FreshMart,West,585.66,7.85,214.2,9.6,33.5,H202505-34
SALE_10467,2025-05-26,Farm_E,Grade B,101.9,45.76,4662.94,Local_Market,South,229.57,7.88,90.8,8.0,29.6,H202505-18
SALE_10424,2025-05-26,Farm_E,Grade A,431.4,72.01,31065.11,SuperVeg,South,218.84,5.86,97.2,7.1,18.1,H202505-26
SALE_10317,2025-05-26,Farm_A,Grade B,851.7,49.97,42559.45,FreshMart,South,169.04,11.63,241.8,7.1,32.1,H202505-22
SALE_10468,2025-05-27,Farm_E,Grade A,471.8,63.99,30190.48,Export_Co,North,630.78,17.48,313.6,8.5,32.0,H202505-04
SALE_10274,2025-05-27,Farm_C,Premium,989.7,87.93,87024.32,Wholesale_Mart,East,109.45,9.33,274.0,9.4,21.6,H202505-35
SALE_10271,2025-05-27,Farm_B,Grade C,257.2,21.96,5648.11,Organic_Store,North,149.56,2.69,309.6,7.7,18.6,H202505-41
SALE_10001,2025-05-27,Farm_D,Grade A,294.2,65.64,19311.29,Local_Market,North,253.42,9.68,196.6,7.5,30.2,H202505-42
SALE_10414,2025-05-27,Farm_E,Grade B,1081.1,40.93,44249.42,Local_Market,North,571.15,10.6,320.5,8.5,34.2,H202505-19
SALE_10452,2025-05-28,Farm_B,Grade A,351.0,74.48,26142.48,Local_Market,West,280.44,16.42,233.6,9.1,34.2,H202505-03
SALE_10029,2025-05-28,Farm_E,Premium,784.0,87.33,68466.72,Local_Market,South,496.12,1.34,232.8,7.0,20.4,H202505-29
SALE_10174,2025-05-28,Farm_B,Premium,893.0,89.32,79762.76,SuperVeg,South,282.57,14.22,229.6,6.5,33.2,H202505-12
SALE_10364,2025-05-29,Farm_C,Grade B,865.9,42.43,36740.14,Organic_Store,West,108.83,7.96,304.7,9.2,22.5,H202505-36
SALE_10273,2025-05-29,Farm_D,Grade C,495.3,38.13,18885.79,Wholesale_Mart,West,525.84,2.68,295.3,8.6,34.9,H202505-04
SALE_10481,2025-05-29,Farm_A,Grade B,875.0,45.87,40136.25,Organic_Store,East,351.01,13.75,266.1,9.4,37.9,H202505-49
SALE_10213,2025-05-29,Farm_D,Grade A,879.6,79.26,69717.1,Organic_Store,West,489.02,15.02,91.0,9.5,23.1,H202505-04
SALE_10003,2025-05-29,Farm_E,Grade A,836.9,70.8,59252.52,Export_Co,North,554.92,3.53,185.6,7.1,33.1,H202505-06
SALE_10446,2025-05-29,Farm_B,Grade A,986.5,69.64,68699.86,Wholesale_Mart,North,192.11,4.66,161.0,8.7,30.0,H202505-41
